<?xml version="1.0" encoding="UTF-8"?>
<project-private xmlns="http://www.netbeans.org/ns/project-private/1">
    <editor-bookmarks xmlns="http://www.netbeans.org/ns/editor-bookmarks/2" lastBookmarkId="0"/>
    <open-files xmlns="http://www.netbeans.org/ns/projectui-open-files/2">
        <group>
            <file>file:/F:/hua/semester6/ai/Project2017/UltimateTicTacToe/JavaApplication15/src/bot/BotParser.java</file>
            <file>file:/F:/hua/semester6/ai/Project2017/UltimateTicTacToe/JavaApplication15/src/bot/Field.java</file>
            <file>file:/F:/hua/semester6/ai/Project2017/UltimateTicTacToe/JavaApplication15/src/bot/Move.java</file>
            <file>file:/F:/hua/semester6/ai/Project2017/UltimateTicTacToe/JavaApplication15/src/bot/BotStarter.java</file>
        </group>
    </open-files>
</project-private>
